{
    "roboto": {
        "300": "D:\\Web Development\\overview-imanager-v5\\storage\\fonts\/roboto_300_32acfcb296f555e063ebba2be7db9e2f",
        "normal": "D:\\Web Development\\overview-imanager-v5\\storage\\fonts\/roboto_normal_7bc701b343c10631f60048716b96e4f7",
        "500": "D:\\Web Development\\overview-imanager-v5\\storage\\fonts\/roboto_500_5774d6fb05eba3d096525f821dbe4137",
        "bold": "D:\\Web Development\\overview-imanager-v5\\storage\\fonts\/roboto_bold_8db5cb5d0586c1e891426d13097b1d04",
        "900": "roboto_900_7bf41cacaff90e7097ddd49fb9296601"
    }
}